<?xml version="1.0" encoding="UTF-8"?>
<addon version="0.2">
  <title xml:lang="ko">현재 접속자 출력 애드온</title>
  <description xml:lang="ko">
    $$_SXE_NOWCONNECTED_SXE_$$ 라고 입력된 부분이 있다면 자동으로 현재 접속자 내용으로 치환해 보여줍니다. 반드시 인증세션DB사용에 체크되어 있어야 합니다.
  </description>
  <version>0.2</version>
  <date>2014-07-20</date>
  <author email_address="SeungYeonYou.KR+XE@gmail.com" link="http://seungyeon.me/?xe">
    <name xml:lang="ko">SeungXE</name>
  </author>
<extra_vars>
<var name="sxe_html_template" type="textarea">
<title xml:lang="ko">접속자 내용 템플릿</title>
<description xml:lang="ko">접속자수가 표시될 때 사용하는 HTML 템플릿입니다. $_SXE_COUNT_$ 라고 입력하신 부분이 자동으로 현재 접속자수로 치환됩니다. 아무것도 입력하지 않으면 &lt;span&gt;NOW: &lt;strong&gt;$_SXE_COUNT_$&lt;/strong&gt;&lt;/span&gt; 가 기본 템플릿으로 사용됩니다.</description>
</var>
</extra_vars>
</addon>